,frequency
agave nectar,1
allpurpose flour,3
almond extract,1
amaretti cookies,1
anchovy,1
anchovy paste,1
anise seed,1
apricot jam,1
asafoetida powder,1
asian chili sauce,1
astragalus root,1
aubergine,1
baby carrots,1
baby kai lan,1
baby pineapples,1
baby shrimp,1
baby spinach,1
baking powder,4
baking soda,1
bamboo skewer,1
bamboo skewers,1
banana leaves,2
bananas,8
basil,2
basil leaves,3
basmati rice,5
bay leaf,1
bay leaves,3
bean curd,1
bean sprouts,16
beans,1
beef,5
beef bouillon powder,1
beef broth,1
beef steak,1
beef stock,1
beet sugar,1
bell pepper,1
bell peppers,2
benedictine,1
bicarbonate of soda,2
birds eye chile,1
birds eye chiles,3
bitters,1
black mustard seeds,3
black pepper,14
black peppercorns,4
black sesame seed,1
black soy sauce,1
black tea leaves,1
blanched almonds,2
boiling water,1
bok choy,2
bombay onion,1
boneless beef chuck,1
boneless chicken breast,1
boneless chicken thighs,1
boneless skinless chicken breast,6
boneless skinless chicken breasts,4
boneless skinless chicken thighs,2
boston lettuce leaves,1
breadcrumbs,1
broccoli,2
brown bean sauce,1
brown onion,3
brown rice,2
brown sugar,18
butter,14
butternut pumpkin,1
butternut squash,1
button mushrooms,1
cabbage,6
cai xin,2
candlenuts,4
canned unsweetened coconut milk,2
canola oil,5
cardamom,2
cardamom pod,1
cardamom pods,4
cardamom powder,1
cardamom seeds,1
carrot,5
carrots,9
cashew nuts,1
cashews,3
caster sugar,2
cauliflower,1
cauliflower florets,2
cayenne,1
cayenne pepper,6
cayenne powder,2
celery,4
channa dal,1
chayote,1
cheese,1
cherry heering,1
cherry tomatoes,3
chicken,10
chicken breast,2
chicken breast halves,1
chicken breasts,8
chicken broth,5
chicken curry powder,2
chicken cutlet,1
chicken legs,3
chicken legsthighs,1
chicken parts,1
chicken piece,2
chicken pieces,3
chicken stock,23
chicken stock powder,1
chicken thigh fillets,1
chicken thighs,6
chicken wings,6
chili,3
chili flakes,4
chili oil,1
chili paste,8
chili pepper,2
chili peppers,1
chili powder,13
chili sauce,1
chilies,4
chiligarlic sauce,2
chinese barbecued duck,1
chinese cabbage,1
chinese egg noodles,1
chinese rice wine,2
chinese sausage,4
chinese wine,3
chives,2
chopped tomatoes,2
choy sum,1
chuck roast,1
chunky peanut butter,2
cider vinegar,1
cilantro,10
cinnamon,3
cinnamon stick,19
cinnamon sticks,2
clove,2
cloves,8
coarse salt,1
cocoa powder,1
coconut,5
coconut cream,12
coconut milk,55
coconut milk powder,1
coconut oil,1
coconut paste,3
cointreau liqueur,1
cold water,3
condensed milk,1
cooked brown rice,1
cooked chicken,1
cooked longgrain rice,1
cooked noodles,1
cooked rice,1
cooking oil,4
cooking spray,2
coriander,5
coriander leaves,7
coriander powder,4
coriander root,1
coriander seed,5
coriander seeds,5
coriander sprig,1
corn flakes,1
corn kernel,1
corn oil,3
cornflour,6
cornmeal,1
cornstarch,13
cracked black pepper,2
creamed coconut,1
creamy peanut butter,1
creole seasoning,1
crunchy peanut butter,1
crushed red pepper flakes,1
crystallized ginger,1
cucumber,4
cucumbers,5
cumin,5
cumin powder,2
cumin seed,8
cumin seeds,1
curry,1
curry leaf,2
curry leaves,9
curry paste,5
curry powder,25
dal,1
dark brown sugar,2
dark sesame oil,2
dark soy sauce,8
dark soya sauce,2
demerara sugar,1
desiccated coconut,5
dragon fruit,1
dried anchovy,2
dried apricots,1
dried chili pepper flakes,1
dried chilies,8
dried coriander,1
dried coriander leaves,1
dried curry leaves,2
dried hot red chilies,1
dried italian herb seasoning,1
dried kaffir lime leaves,1
dried lemon grass,2
dried oregano,1
dried red chili,1
dried red chilies,8
dried red lentils,1
dried red pepper flakes,1
dried rice noodles,1
dried scallops,1
dried shrimp,3
dried shrimp paste,1
dried tamarind,1
dry champagne,1
dry mustard,1
dry sherry,1
dry white wine,1
dry yeast,1
dungeness crab,1
egg,8
egg noodles,1
egg white,2
egg whites,1
egg yolk,1
egg yolks,2
eggplant,1
eggplants,5
eggs,19
elbow macaroni,1
english cucumber,2
evaporated lowfat milk,2
evaporated milk,3
extra firm tofu,1
extra virgin olive oil,1
fennel,1
fennel powder,2
fennel seed,12
fennel seeds,1
fenugreek seeds,3
fine sugar,1
firm tofu,2
fish,1
fish balls,2
fish cakes,1
fish curry powder,2
fish fillet,1
fish fillets,3
fish sauce,24
fish stock,1
fivespice powder,3
flour,10
french beans,2
frenchfried onions,1
fresh basil,1
fresh breadcrumb,1
fresh chili pepper,1
fresh chili peppers,4
fresh cilantro,5
fresh cilantro leaves,2
fresh cilantro stem,1
fresh coarse ground black pepper,1
fresh coriander,2
fresh coriander leaves,3
fresh galangal root,2
fresh garlic,3
fresh garlic cloves,1
fresh ginger,36
fresh gingerroot,5
fresh ground black pepper,3
fresh ground pepper,3
fresh lemon juice,1
fresh lemon rind,1
fresh lemongrass,5
fresh lime juice,5
fresh lime leaves,1
fresh mint leaves,1
fresh mushrooms,1
fresh onions,1
fresh parsley,1
fresh pears,1
fresh pineapple,2
fresh turmeric,2
fried shallots,2
fried tofu,3
frozen apple juice concentrate,1
frozen mixed vegetables,1
frozen peas,2
frozen puff pastry,1
frozen salmon patties,1
galangal,10
garam masala,3
garlic,37
garlic clove,14
garlic cloves,81
garlic granules,2
garlic powder,4
garlic sauce,1
gelatin powder,1
ghee,8
gherkins,1
gin,1
ginger,30
ginger in syrup,1
ginger powder,1
gingerroot,22
glutinous rice,3
glutinousrice flour,3
granulated sugar,4
grated fesh coconut,1
green apple,2
green beans,7
green bell pepper,2
green cabbage,1
green capsicum,1
green cardamom pods,1
green cardamoms,1
green chili,1
green chili pepper,1
green chilies,6
green food coloring,3
green mango,1
green mangoes,2
green onion,5
green onions,8
green pea flour,1
green pepper,2
green peppers,1
grenadine,1
ground almonds,1
ground beef,2
ground black pepper,2
ground caraway,1
ground cardamom,2
ground chuck,1
ground cinnamon,7
ground cloves,4
ground coriander,16
ground cumin,14
ground fennel,2
ground ginger,5
ground nutmeg,2
ground red pepper,2
ground star anise,2
ground szechuan peppercorns,2
ground turkey,1
ground turmeric,17
grouper,1
guava,1
hamburger buns,1
hardboiled eggs,3
hazelnuts,1
head cauliflower,1
heavy cream,1
hoisin sauce,3
hokkien noodles,3
honey,6
hot chili paste,1
hot chili powder,1
hot chili sauce,1
hot green chili pepper,1
hot pepper,2
hot red chili peppers,1
hot red pepper,1
hot sauce,2
hot water,4
icing sugar,1
jackfruit,1
jalapenos,2
japanese eggplant,1
japanese eggplants,1
jasmine rice,3
jicama,4
juice,1
kaffir lime,1
kaffir lime leaf,2
kaffir lime leaves,8
ketchup,5
ketjap manis,3
king crab legs,1
kiwi fruit,1
kiwi fruits,1
korma paste,1
kosher salt,8
ladyfingers,1
laksa paste,4
lamb,2
large shrimp,2
lean beef,1
lemon,4
lemon grass root,2
lemon juice,7
lemon wedge,1
lemon zest,2
lemon2c juice of,2
lemon2c zest of,1
lemongrass,28
lettuce,1
light brown sugar,2
light coconut milk,3
light muscovado sugar,1
light soy sauce,14
light soya sauce,5
lime,7
lime juice,24
lime rind,1
lime slice,1
lime wedge,4
lime wedges,1
lime2c juice of,2
limes,5
limes2c juice of,2
long beans,1
long grain rice,4
longans in heavy syrup,1
longgrain rice,1
low sodium soy sauce,3
lowfat lowsodium swiss cheese,1
lowsodium worcestershire sauce,1
macadamia nuts,4
mackerel,1
mango,1
mango pulp,1
mangoes,3
mangosteen,1
manila clams,2
margarine,3
meat,3
meat stock,1
medium shrimp,3
mild curry powder,3
milk,3
minced beef,1
minced chicken,3
minced ginger,1
mint,2
mint leaf,1
mint leaves,1
mirin,2
miso,3
mixed fresh herbs,1
mixed vegetables,1
molasses,1
mung bean sprouts,2
mushrooms,1
muslin,2
mussels,2
mustard seeds,3
mutton shoulder,1
natural yoghurt,1
naturalstyle chunky peanut butter,1
nonfat yogurt,1
noodles,5
nutmeg,4
nutritional yeast,1
nuts,1
of fresh mint,1
oil,48
okra,1
olive,1
olive oil,23
onion,44
onion powder,1
onions,21
orange juice,3
oxtails,1
oyster sauce,19
palm sugar,15
pandan juice,1
pandan leaf,2
pandan leaves,8
papaya,1
papayas,1
paprika,2
parsley,1
parsley sprig,1
parsnip,1
partskim mozzarella cheese,1
passion fruit pulp,1
peanut butter,1
peanut oil,21
peanuts,6
pearl tapioca,1
peas,3
pecan halves,1
pepper,13
peppercorns,1
perch fillet,1
pineapple,5
pineapple juice,1
pineapple2c juice of,1
pistachios,1
plain flour,9
plain yogurt,2
plum tomatoes,1
pomegranate,1
poppy seeds,1
potato,2
potatoes,16
powdered ginger,1
prawn paste,1
prawns,15
puff pastry,1
pure chile powder,2
quickcooking polenta,1
raisins,4
rambutans,1
ramen noodles,1
raw cashews,2
red bell pepper,8
red burgundy wine,1
red capsicum,1
red chile,6
red chili pepper,2
red chili pepper flakes,2
red chili peppers,2
red chili powder,1
red chilies,22
red curry paste,1
red food coloring,1
red leaf lettuce,1
red lentils,1
red onion,6
red onions,4
red pepper,2
red pepper flakes,3
red potatoes,1
red radish,1
red shallots,2
red thai chile,1
red wine vinegar,1
rice,7
rice flour,5
rice noodles,6
rice paper,1
rice vermicelli,5
rice vinegar,5
rice wine,4
rice wine vinegar,3
roasted cashew nuts,1
roasted peanuts,4
roasted sesame seeds,1
roasted sunflower seeds,1
roasting chicken,2
roasting chickens,1
rotini pasta,1
rum,1
rump roast,1
saffron,1
sago,1
salt,106
salt 26 freshly ground black pepper,3
salt 26 pepper,1
salt and black pepper,1
salt and pepper,14
sambal chili paste,1
sambal oelek,6
sandwich buns,1
satay sauce,1
savoy cabbage,1
scallion,4
scallions,5
scotch whisky,1
screwpine leaves,4
sea salt,3
serrano peppers,1
sesame oil,17
sesame seed oil,1
sesame seeds,2
shallot,6
shallots,41
shiitake mushroom,1
shiitake mushrooms,2
shortening,1
shoulder lamb chops,1
shredded coconut,2
shrimp,4
shrimp paste,12
sirloin steak,1
skim natural yoghurt,1
skinless chicken thighs,1
small shrimp,1
snow peas,1
soft brown sugar,2
sour cream,1
sourdough bread,1
soy sauce,34
soya sauce,2
soybean paste,1
spice essence,1
spring onion,7
spring onions,9
spring roll wrappers,1
spring rolls,1
squid,2
sriracha sauce,1
star anise,16
star fruit,1
steak,2
steamed rice,3
stewing beef,2
stingray,2
stir fry vegetables,1
stock,2
strawberries,1
strong coffee,1
sugar,68
sugar snap peas,1
sunflower oil,4
sweet chili sauce,3
sweet potato,2
sweet potatoes,2
sweet soy sauce,4
swordfish steak,1
szechuan hot bean sauce,1
szechuan peppercorns,1
tahini,1
tamari,1
tamarind juice,10
tamarind paste,12
tamarind pulp,5
tapioca flour,2
tapioca starch,1
tempeh,1
teriyaki sauce,2
thai basil,2
thai chili paste,1
thai green chili,1
thai red chili peppers,1
thai red curry paste,1
thai rice noodles,1
thick soy sauce,1
tilapia fillets,2
toasted sesame oil,2
tofu,4
tomato paste,4
tomato puree,2
tomato sauce,2
tomatoes,17
toor dal,1
turmeric,21
turmeric powder,18
turnips,2
uncooked rice,3
unsalted butter,2
unsalted dry roasted peanuts,2
unsalted peanuts,1
unsweetened coconut,1
unsweetened coconut milk,7
vanilla,1
vanilla essence,2
vegetable broth,1
vegetable oil,31
vegetable stock,2
vegetables,2
vegetarian oyster sauce,2
vinegar,1
warm water,4
water,84
wheat noodles,2
whipping cream,1
white fish fillets,1
white mushrooms,1
white onion,1
white onions,1
white pepper,9
white pepper powder,2
white peppercorns,1
white rice,1
white sesame seeds,1
white sugar,3
white vinegar,4
white wine,1
whole black peppercorns,2
whole cardamom pods,1
whole chicken,1
whole chickens,2
whole cloves,5
whole coriander seed,2
whole cumin seed,1
whole nutmeg,1
wine vinegar,1
yellow curry paste,1
yellow food coloring,1
yellow onion,2
yellow pepper,1
yukon gold potatoes,1
zucchini,5
